name,price,image,category
Pink Petal | Rendition of Bright Crystal - 50ml,2000,https://cdn.shopify.com/s/files/1/0550/3497/0249/files/26.png?v=1727629052,Perfume
Pink Petal | Rendition of Bright Crystal - 100ml,3500,https://cdn.shopify.com/s/files/1/0550/3497/0249/files/27.png?v=1727629052,Perfume
Ombre Leather - 30ml,2500,https://cdn.shopify.com/s/files/1/0550/3497/0249/files/ombre_d1094393-3b11-41ac-8df6-d93a64f87fc4.png?v=1727626146,Perfume
Midnight Star | Renditon of Blue Vanille - 30ml,3500,https://cdn.shopify.com/s/files/1/0550/3497/0249/files/midnightstar_d9bda561-29ef-4f18-b591-a78b1240e0a2.png?v=1727630279,Perfume
Gallant - 30ml,3500,https://cdn.shopify.com/s/files/1/0550/3497/0249/files/gallant.png?v=1725185526,Perfume
Carlisle - 30ml,3000,https://cdn.shopify.com/s/files/1/0550/3497/0249/files/carlisle.png?v=1725099428,Perfume
Dior Homme Parfum - 30ml,3500,https://cdn.shopify.com/s/files/1/0550/3497/0249/files/diorhommeparfum.png?v=1723301842,Perfume
Delina Exclusif - 30ml,2400,https://cdn.shopify.com/s/files/1/0550/3497/0249/files/delina.png?v=1727630774,Perfume
Si Passione - 30ml,2400,https://cdn.shopify.com/s/files/1/0550/3497/0249/files/sipassione.png?v=1727630769,Perfume
Narcisso Rodriguez For Her - 30ml,2400,https://cdn.shopify.com/s/files/1/0550/3497/0249/files/narciso.png?v=1727630764,Perfume
Valaya - 30ml,2400,https://cdn.shopify.com/s/files/1/0550/3497/0249/files/valaya.png?v=1727630760,Perfume
Pear & Guava,3300,https://cdn.shopify.com/s/files/1/0550/3497/0249/files/pear_and_guava.png?v=1727628417,Home
Cherry Blossoms,3300,https://cdn.shopify.com/s/files/1/0550/3497/0249/files/cherryblossoms.png?v=1727628406,Home
Bergamot Waters & Jasmine,3300,https://cdn.shopify.com/s/files/1/0550/3497/0249/files/bergamotwater.png?v=1727628375,Home
King's Orchard | Reed Diffuser,4000,https://cdn.shopify.com/s/files/1/0550/3497/0249/files/kings_orchard_a977a4ce-cbe2-4f5e-903b-7bd74833de53.png?v=1727621866,Home
Fairy Dust | Reed Diffuser,4000,https://cdn.shopify.com/s/files/1/0550/3497/0249/files/fairy_dust_f551ab02-05e7-4a42-ba19-950e0d2a1887.png?v=1727621940,Home
Nova | Reed Diffuser,4500,https://cdn.shopify.com/s/files/1/0550/3497/0249/files/nova_78090b11-c941-4c9a-8bfb-d5558eae681c.png?v=1727621923,Home
Vibrato Sospiro,3500,https://cdn.shopify.com/s/files/1/0550/3497/0249/files/vibrato_sospiro_61b85ab8-cf1c-4595-838b-8eadb539d8b7.png?v=1723055205,Perfume
Hibiscus Mahajad,3500,https://cdn.shopify.com/s/files/1/0550/3497/0249/files/hibiscus_mahajad_fbfd14a6-e7a9-41e7-a98e-644dc5ff144b.png?v=1723055209,Perfume
Aventus | Perfume Wax,1200,https://cdn.shopify.com/s/files/1/0550/3497/0249/files/aventus-wax-1_3c9e0e27-9759-4de7-99fa-8dbb0acf83b1.png?v=1723055215,Perfume
30ML Nova | Rendition of Ganymede Elixir + Nova | Perfume Wax,3696,https://cdn.shopify.com/s/files/1/0550/3497/0249/files/temp_JBEmOtc.jpg?v=1718874192,Perfume
Eve's Garden | Rendition of Gucci Flora + Divinity | Perfume Wax,2640,https://cdn.shopify.com/s/files/1/0550/3497/0249/files/temp_AApN6Pc.jpg?v=1718873652,Perfume
Morning Blossom | Rendition of Pure White Cologne + Morning Blossom | Perfume Wax,2816,https://cdn.shopify.com/s/files/1/0550/3497/0249/files/temp_RiJvYJS.jpg?v=1718873610,Perfume
La Bureau | Perfume Wax + Magnate | Rendition of Office For Men,2640,https://cdn.shopify.com/s/files/1/0550/3497/0249/files/temp_Ap9Nsnx.jpg?v=1718873115,Perfume
Good Girl Gone Bad - 30ml,2500,https://cdn.shopify.com/s/files/1/0550/3497/0249/files/good_girl_gone_bad_b51ed85a-3912-4b44-aab5-f17d91c7f954.png?v=1723055221,Perfume
Terre d'Hermes - 50ML,2500,https://cdn.shopify.com/s/files/1/0550/3497/0249/files/tdh.png?v=1727626324,Perfume
Terre d'Hermes - 60ml,3000,https://cdn.shopify.com/s/files/1/0550/3497/0249/files/tdh3.png?v=1726579043,Perfume
Deep Masa'ey - 30ML,3500,https://cdn.shopify.com/s/files/1/0550/3497/0249/files/dm-2.png?v=1726578434,Perfume
Deep Masa'ey - 50ML,5000,https://cdn.shopify.com/s/files/1/0550/3497/0249/files/WhatsAppImage2024-07-27at15.45.19.jpg?v=1726594282,Perfume
King's Orchard | Rendition of Aventus - 120ml,4000,https://cdn.shopify.com/s/files/1/0550/3497/0249/files/kings_orchard_325fa818-7c21-4873-8b81-44697ddb6224.png?v=1723055229,Perfume
Imagination - 30ml,2700,https://cdn.shopify.com/s/files/1/0550/3497/0249/files/imagination.png?v=1725099578,Perfume
Ingenious Ginger - 30ML,3000,https://cdn.shopify.com/s/files/1/0550/3497/0249/files/ingenious_ginger_3d8b8ff3-fbe4-48ca-ac40-6115c7d693a2.png?v=1723055237,Perfume
Nishane Wulong Cha X - 30ml,3000,https://cdn.shopify.com/s/files/1/0550/3497/0249/files/wulong_cha_x_c0521c85-0714-4e83-8cbc-3b5b74a44e59.png?v=1723055241,Perfume
La Bureau Pour Homme | Rendition of Office for Men - 60ml,2600,https://cdn.shopify.com/s/files/1/0550/3497/0249/files/la_bureau.png?v=1727629570,Perfume
Hawas | Rendition of Rasasi Hawas - 120ml,2750,https://cdn.shopify.com/s/files/1/0550/3497/0249/files/WhatsAppImage2024-06-25at13.18.26.jpg?v=1719324432,Perfume
Ciabatta White Bread,2800,https://cdn.shopify.com/s/files/1/0550/3497/0249/files/ciabattawhitebread.png?v=1727628955,Home
Apple & Cinnamon - 6.5 oz (35 hours),2800,https://cdn.shopify.com/s/files/1/0550/3497/0249/files/applecinnamon.png?v=1727628417,Home
Apple & Cinnamon - 9.3 oz (70 hours),3300,https://cdn.shopify.com/s/files/1/0550/3497/0249/files/WhatsAppImage2024-07-20at22.12.59_1.jpg?v=1721585647,Home
Smells Like Summer - 3.8 oz (25 hours),1800,https://cdn.shopify.com/s/files/1/0550/3497/0249/files/smellslikesummer.png?v=1727628403,Home
Very Vanilla - 3.8 oz (25 Hour),1800,https://cdn.shopify.com/s/files/1/0550/3497/0249/files/veryvanilla.png?v=1727628422,Home
Very Vanilla - 9.3 oz (70 Hour),3300,https://cdn.shopify.com/s/files/1/0550/3497/0249/files/WhatsApp_Image_2024-07-20_at_22.12.59_8ef1ca59-182a-491a-ad63-90577cec1b1d.jpg?v=1723055260,Home
Isola Blu - 30ML,3500,https://cdn.shopify.com/s/files/1/0550/3497/0249/files/isolablu.png?v=1716574587,Perfume
Imaginary Tygar - 30ML,3500,https://cdn.shopify.com/s/files/1/0550/3497/0249/files/imaginary_tygar_de421a83-39ce-4e73-b9bd-7fbcc7dd5289.png?v=1723055266,Perfume
Black Orchid - 30ML,2500,https://cdn.shopify.com/s/files/1/0550/3497/0249/files/black_orchid_b7531353-9d76-49cf-b90f-10df58e30998.png?v=1723055269,Perfume
Eden Juicy Apple - 30ML,2500,https://cdn.shopify.com/s/files/1/0550/3497/0249/files/edenjuicy.png?v=1716573122,Perfume
Eden Juicy Apple - 120ML,4000,https://cdn.shopify.com/s/files/1/0550/3497/0249/files/edenjuicy.png?v=1716573122,Perfume
Pacific Chill - 30ml,3500,https://cdn.shopify.com/s/files/1/0550/3497/0249/files/pacificchill.png?v=1716572969,Perfume
Midnight Rose - 30ml,1800,https://cdn.shopify.com/s/files/1/0550/3497/0249/files/midnightrose.png?v=1716572817,Perfume
Wild Blue Bell - 30ml,1800,https://cdn.shopify.com/s/files/1/0550/3497/0249/files/wild_bluebell_e25de1e8-f6ad-4ad5-b4b6-5072b6a4e7c5.png?v=1723055279,Perfume
Myslf - 30ML,2800,https://cdn.shopify.com/s/files/1/0550/3497/0249/files/myslf.png?v=1716057770,Perfume
Yum Pistachio Gelato | 33 - 30ml,2500,https://cdn.shopify.com/s/files/1/0550/3497/0249/files/yumpistachio.png?v=1715242104,Perfume
Lovefest Burning Cherry | 48,2500,https://cdn.shopify.com/s/files/1/0550/3497/0249/files/lovefest.png?v=1715242007,Perfume
There's No Place Like Home - Linen Mist,990,https://cdn.shopify.com/s/files/1/0550/3497/0249/files/noplacelikehome.png?v=1727631824,Mists
Lets Get Cozy - Linen Mist,990,https://cdn.shopify.com/s/files/1/0550/3497/0249/files/letsgetcozy.png?v=1727631837,Mists
Home Sweet Home - Linen Mist,990,https://cdn.shopify.com/s/files/1/0550/3497/0249/files/homesweethome.png?v=1727631845,Mists
Rendition of Montabaco Intensivo - 30ML,3000,https://cdn.shopify.com/s/files/1/0550/3497/0249/files/montobaco.png?v=1727625872,Perfume
Rendition of Montabaco Intensivo - 50ML,4500,https://cdn.shopify.com/s/files/1/0550/3497/0249/files/montabacointensivo.png?v=1710688973,Perfume
Rendition of Blue Moon Ginger Dash - 30ML,3000,https://cdn.shopify.com/s/files/1/0550/3497/0249/files/bluemoon.png?v=1710688820,Perfume
Rendition of Blue Moon Ginger Dash - 50ML,4500,https://cdn.shopify.com/s/files/1/0550/3497/0249/files/bluemoon.png?v=1710688821,Perfume
Rendition of Hind Al-Oud Silver Musk - 30ML,3500,https://cdn.shopify.com/s/files/1/0550/3497/0249/files/silvermusk.png?v=1710611722,Perfume
Hind Al-Oud Kohl - 30ML,3500,https://cdn.shopify.com/s/files/1/0550/3497/0249/files/kohl_3892f1e5-01b9-488b-837f-8d1e53807430.png?v=1710611641,Perfume
Hind Al-Oud Patchouli - 30ML,3500,https://cdn.shopify.com/s/files/1/0550/3497/0249/files/patchouli.png?v=1710611595,Perfume
Hind Al-Oud Lilac - 30ML,3750,https://cdn.shopify.com/s/files/1/0550/3497/0249/files/lilac.png?v=1710611516,Perfume
Magnate | Rendition of Office For Men - 30ML,1800,https://cdn.shopify.com/s/files/1/0550/3497/0249/files/magnate_d1775726-4349-4144-b35b-df5556bd8fe2.png?v=1727635662,Perfume
Dusk | Rendition of 1 Million - 30ML,1500,https://cdn.shopify.com/s/files/1/0550/3497/0249/files/dusk.png?v=1708713641,Perfume
Luminous | Rendition of Elysium - 30ML,1800,https://cdn.shopify.com/s/files/1/0550/3497/0249/files/luminous.png?v=1727635694,Perfume
Diamond Dice - 30ML,3000,https://cdn.shopify.com/s/files/1/0550/3497/0249/files/diamonddice.png?v=1707372509,Perfume
Maximus III - 30ML,3000,https://cdn.shopify.com/s/files/1/0550/3497/0249/files/maximus3.png?v=1707078967,Perfume
Maximus II - 30ML,3500,https://cdn.shopify.com/s/files/1/0550/3497/0249/files/maximus2.png?v=1707078906,Perfume
Oud Abu Sultan - 30ML,3500,https://cdn.shopify.com/s/files/1/0550/3497/0249/files/oudabusultan.png?v=1707078803,Perfume
Hind Al-Oud Habbahan - 30ML,3500,https://cdn.shopify.com/s/files/1/0550/3497/0249/files/habbahan.png?v=1707078626,Perfume
Dynasty - 30ML,3200,https://cdn.shopify.com/s/files/1/0550/3497/0249/files/dynasty.png?v=1707078330,Perfume
Baccarat Rouge 540 EDP - 30ML,3000,https://cdn.shopify.com/s/files/1/0550/3497/0249/files/br540-edp.png?v=1707078248,Perfume
Aqua Universalis Forte - 30ML,3000,https://cdn.shopify.com/s/files/1/0550/3497/0249/files/aquauniversal.png?v=1704538725,Perfume
Khaneen Al-Fekr - 30ML,3750,https://cdn.shopify.com/s/files/1/0550/3497/0249/files/kheneenal-fekr.png?v=1702324986,Perfume
Oud Zayed - 30ML,3750,https://cdn.shopify.com/s/files/1/0550/3497/0249/files/oudzayed.png?v=1702324838,Perfume
Emarati Oud - 30ML,3500,https://cdn.shopify.com/s/files/1/0550/3497/0249/files/emiratioud_93bcb9b5-c45d-4d76-8164-c766b3e19f14.png?v=1702324617,Perfume
Emarati Musk - 30ML,3500,https://cdn.shopify.com/s/files/1/0550/3497/0249/files/emiratimusk_6605d1e9-caad-4dff-95c9-4654c7dc6804.png?v=1702324502,Perfume
Musk Al-Shiokh - 30ML,3500,https://cdn.shopify.com/s/files/1/0550/3497/0249/files/muskashiokh.png?v=1702324366,Perfume
Masa'aey - 30ML,3500,https://cdn.shopify.com/s/files/1/0550/3497/0249/files/masaaey.png?v=1701524889,Perfume
Barari - 30ML,3500,https://cdn.shopify.com/s/files/1/0550/3497/0249/files/barari.png?v=1701524704,Perfume
Shaikh Abdullah - 30ML,3500,https://cdn.shopify.com/s/files/1/0550/3497/0249/files/shaikhabdullah.png?v=1701524444,Perfume
Abraj - 30ML,3000,https://cdn.shopify.com/s/files/1/0550/3497/0249/files/abraj.png?v=1701524237,Perfume
Bon Voyage - 30ML,3500,https://cdn.shopify.com/s/files/1/0550/3497/0249/files/bonvoyage.png?v=1701524106,Perfume
Althair - Default Title,3000,https://cdn.shopify.com/s/files/1/0550/3497/0249/files/althair.png?v=1698998575,Perfume
Star Light | City of Stars - 30ML,3000,https://cdn.shopify.com/s/files/1/0550/3497/0249/files/starlight_475bee0c-5411-4cfd-89e7-8dcc32c3d65a.png?v=1698939504,Perfume
Star Light | City of Stars - 50ML,4500,https://cdn.shopify.com/s/files/1/0550/3497/0249/files/starlight_475bee0c-5411-4cfd-89e7-8dcc32c3d65a.png?v=1698939504,Perfume
Opus VIX - 30ML,3500,https://cdn.shopify.com/s/files/1/0550/3497/0249/files/opusxiv.png?v=1698938929,Perfume
Opus VIX - 50ML,5000,https://cdn.shopify.com/s/files/1/0550/3497/0249/files/opusxiv.png?v=1698938929,Perfume
Aventus Cologne - 30ML,2500,https://cdn.shopify.com/s/files/1/0550/3497/0249/files/aventuscologne.png?v=1697131886,Perfume
Encelade - 30ML,3500,https://cdn.shopify.com/s/files/1/0550/3497/0249/files/encelade.png?v=1696233832,Perfume
Encelade - 50ML,5000,https://cdn.shopify.com/s/files/1/0550/3497/0249/files/encelade.png?v=1696233832,Perfume
Rendition of VUI 2016 - 30ML,3500,https://cdn.shopify.com/s/files/1/0550/3497/0249/files/vui2016.png?v=1696233691,Perfume
Dior Homme Intense - 30ML,3000,https://cdn.shopify.com/s/files/1/0550/3497/0249/files/dhi.png?v=1696232494,Perfume
Dior Homme Intense - 50ML,4500,https://cdn.shopify.com/s/files/1/0550/3497/0249/files/dhi.png?v=1696232494,Perfume
Dior Homme Intense - 100ML,7500,https://cdn.shopify.com/s/files/1/0550/3497/0249/files/dhi.png?v=1696232494,Perfume
Sapphire Island - 30ML,3000,https://cdn.shopify.com/s/files/1/0550/3497/0249/files/sapphireisland.png?v=1696233883,Perfume
Summer Fiesta - 30ML,3000,https://cdn.shopify.com/s/files/1/0550/3497/0249/files/summerfiesta.png?v=1696233872,Perfume
Intense Cafe - 30ML,2200,https://cdn.shopify.com/s/files/1/0550/3497/0249/files/intensecafe.png?v=1693227509,Perfume
Issey Miyake - 30ML,1500,https://cdn.shopify.com/s/files/1/0550/3497/0249/files/isseymiyake.png?v=1693227410,Perfume
Erba Pura - 30ML,1500,https://cdn.shopify.com/s/files/1/0550/3497/0249/files/erbapura_31fda13e-9f8f-4c96-857d-414e2ce12f6d.png?v=1727635781,Perfume
Morning Blossom | Perfume Wax,1200,https://cdn.shopify.com/s/files/1/0550/3497/0249/files/IMG_0760.png?v=1693156207,Perfume
Divinity | Perfume Wax,1200,https://cdn.shopify.com/s/files/1/0550/3497/0249/files/IMG_0754.png?v=1693155935,Perfume
La Bureau | Perfume Wax,1200,https://cdn.shopify.com/s/files/1/0550/3497/0249/files/IMG_0751.png?v=1693156589,Perfume
Nova | Perfume Wax,1200,https://cdn.shopify.com/s/files/1/0550/3497/0249/files/IMG_0758.png?v=1693155396,Perfume
Millesime Imperial - 30ML,1800,https://cdn.shopify.com/s/files/1/0550/3497/0249/files/creedmillesime.png?v=1692620529,Perfume
Creed Himalaya - 30ML,1800,https://cdn.shopify.com/s/files/1/0550/3497/0249/files/creedhimalaya.png?v=1690726925,Perfume
Oud Satin Mood - 30ML,1800,https://cdn.shopify.com/s/files/1/0550/3497/0249/files/oudsatin_0ae5fe1f-392b-4b28-aeeb-921c9a80ecb9.png?v=1727635622,Perfume
The Orchard | Rendition of Creed Fleurissimo - 30ML,1800,https://cdn.shopify.com/s/files/1/0550/3497/0249/files/orchard.png?v=1727635788,Perfume
Silver Mountain Water - 30ML,1800,https://cdn.shopify.com/s/files/1/0550/3497/0249/files/silvermountain_355b33d3-266e-4f0a-a3ae-623394042270.png?v=1727635834,Perfume
Tobacco Oud - 30ML,1800,https://cdn.shopify.com/s/files/1/0550/3497/0249/files/tobaccooud_9d7e678d-79f6-4097-901b-c878d32cddce.png?v=1690726392,Perfume
Tobacco Oud - 100ML,4000,https://cdn.shopify.com/s/files/1/0550/3497/0249/files/WhatsAppImage2024-05-26at12.07.45.jpg?v=1717143468,Perfume
Invictus - 30ML,1500,https://cdn.shopify.com/s/files/1/0550/3497/0249/files/invictus_c9f0d356-0063-48ca-97ea-f613dda1568a.png?v=1727635931,Perfume
Bergamask - 30ML,3500,https://cdn.shopify.com/s/files/1/0550/3497/0249/files/bergamask_ca6a7df3-ab15-478f-a8c2-eaffcb536ade.png?v=1723055331,Perfume
Bergamask - 50ML,4500,https://cdn.shopify.com/s/files/1/0550/3497/0249/files/bergamask_ca6a7df3-ab15-478f-a8c2-eaffcb536ade.png?v=1723055331,Perfume
Citrus Candy - 30ML,2800,https://cdn.shopify.com/s/files/1/0550/3497/0249/files/DSC6924.jpg?v=1688929031,Perfume
Citrus Candy - 50ML,4200,https://cdn.shopify.com/s/files/1/0550/3497/0249/files/DSC6926.jpg?v=1688929030,Perfume
Mula Mula - 30ML,3200,https://cdn.shopify.com/s/files/1/0550/3497/0249/files/mulamula.png?v=1685790867,Perfume
Orion's Aura | Rendition of Steller Times - 30ML,3500,https://cdn.shopify.com/s/files/1/0550/3497/0249/files/orion.png?v=1727626032,Perfume
One Million Elixir - 30ML,1800,https://cdn.shopify.com/s/files/1/0550/3497/0249/files/1millionelixir.png?v=1685789849,Perfume
Incognito Prive | Rendition of Sauvage EDP - 30ML,1500,https://cdn.shopify.com/s/files/1/0550/3497/0249/files/incognito.png?v=1727625347,Perfume
Incognito Prive | Rendition of Sauvage EDP - 50ML,2500,https://cdn.shopify.com/s/files/1/0550/3497/0249/files/incognito-prive.png?v=1726578698,Perfume
Azrak - 30ML,3500,https://cdn.shopify.com/s/files/1/0550/3497/0249/products/azrak_952f7562-9fe1-418e-a5f0-0ccc21fcfb4d.png?v=1684748772,Perfume
Eau de Magnolia - 30ML,3000,https://cdn.shopify.com/s/files/1/0550/3497/0249/files/eaudemagnolia_8c7acfdf-5986-4a0a-8506-c143c65f9562.png?v=1690032534,Perfume
Greenley - 30ML,2400,https://cdn.shopify.com/s/files/1/0550/3497/0249/products/greenly.png?v=1675600152,Perfume
Nemer - 30ML,2400,https://cdn.shopify.com/s/files/1/0550/3497/0249/products/nemer.png?v=1675600062,Perfume
Pure Malt - 30ML,2000,https://cdn.shopify.com/s/files/1/0550/3497/0249/files/puremalt_c4a4dabe-778b-403d-b796-3173710a9349.png?v=1688300024,Perfume
Chypre Palatin - 30ML,3000,https://cdn.shopify.com/s/files/1/0550/3497/0249/files/chyprepalatin.png?v=1688300136,Perfume
Dark Knight | Rendition of Aqua di Gio Profumo - 30ML,1500,https://cdn.shopify.com/s/files/1/0550/3497/0249/files/dark-knight.png?v=1727625593,Perfume
Dark Knight | Rendition of Aqua di Gio Profumo - 50ML,2500,https://cdn.shopify.com/s/files/1/0550/3497/0249/products/darkknight.png?v=1670005504,Perfume
Morning Blossom | Rendition of Pure White Cologne - 30ML,2000,https://cdn.shopify.com/s/files/1/0550/3497/0249/products/morningblossom.png?v=1670005274,Perfume
Wild Rose | Rendition of J'adore - 30ML,1800,https://cdn.shopify.com/s/files/1/0550/3497/0249/files/wildrose.png?v=1727635563,Perfume
Secret Wish | Rendition of Pleasures - 30ML,1500,https://cdn.shopify.com/s/files/1/0550/3497/0249/files/secretwish.png?v=1727635515,Perfume
Lunar | Rendition of Black Opium - 30ML,1800,https://cdn.shopify.com/s/files/1/0550/3497/0249/files/lunar_89e145b1-18b9-4f89-9687-ed8a9bf8000a.png?v=1727635522,Perfume
Lunar | Rendition of Black Opium - 50ML,3000,https://cdn.shopify.com/s/files/1/0550/3497/0249/files/lunar.png?v=1727625704,Perfume
Sudden Rush | Rendition of Des Anges - 30ML,2200,https://cdn.shopify.com/s/files/1/0550/3497/0249/products/suddenrush.png?v=1670004141,Perfume
Celestial Blue | Rendition of Bleu De Chanel EDT - 30ML,2500,https://cdn.shopify.com/s/files/1/0550/3497/0249/files/celestialblue.png?v=1727625265,Perfume
Rendition of Oud Ispahan - 30ML,2400,https://cdn.shopify.com/s/files/1/0550/3497/0249/files/oud_ispahan_fbaef3b9-a1ad-485a-8ac6-6ec028bb42a8.png?v=1723055355,Perfume
Cher | Rendition of Une Rose - 30ML,2600,https://cdn.shopify.com/s/files/1/0550/3497/0249/files/cher.png?v=1690028213,Perfume
Ombre | Rendition of Percival - 30ML,2800,https://cdn.shopify.com/s/files/1/0550/3497/0249/files/ombre.png?v=1715242196,Perfume
Serendipity | Day to Day Series - 30ML,1400,https://cdn.shopify.com/s/files/1/0550/3497/0249/products/serendipity_25bdd917-d59c-419b-89f6-2a0cc7f03d74.png?v=1667048438,Perfume
Bloom | Rendition of Coco Mademoiselle - 30ML,1500,https://cdn.shopify.com/s/files/1/0550/3497/0249/files/bloom_56ebe08e-ac67-4131-ab25-ac67dfb24332.png?v=1727635517,Perfume
Solace | Rendition of L'Immensite - 50ML,3000,https://cdn.shopify.com/s/files/1/0550/3497/0249/files/solace.png?v=1691311488,Perfume
Fairy Dust | Rendition of Gucci Bloom - 30ML,1500,https://cdn.shopify.com/s/files/1/0550/3497/0249/files/fairydust_299a974d-f751-4b4c-a680-f9538dece36a.png?v=1727635130,Perfume
Cyan | Rendition of Roja Diaghilev - 30ML,3000,https://cdn.shopify.com/s/files/1/0550/3497/0249/files/cyan.png?v=1690032906,Perfume
Cyan | Rendition of Roja Diaghilev - 50ML,4000,https://cdn.shopify.com/s/files/1/0550/3497/0249/files/cyan_e3ccbb6a-17b0-46d2-9f9d-dde97cce2895.png?v=1690032906,Perfume
Czar | Rendition of Jabir Kemi - 30ML,3500,https://cdn.shopify.com/s/files/1/0550/3497/0249/products/czar-1.png?v=1663012514,Perfume
Czar | Rendition of Jabir Kemi - 50ML,4500,https://cdn.shopify.com/s/files/1/0550/3497/0249/products/czar-2.png?v=1663012515,Perfume
Musk Jamid | Air Freshener,200,https://cdn.shopify.com/s/files/1/0550/3497/0249/products/IMG-20220904-WA0028.jpg?v=1662290443,Home
Musk Amber | Air Freshener,200,https://cdn.shopify.com/s/files/1/0550/3497/0249/products/IMG-20220903-WA0021.jpg?v=1662290326,Home
Sweet Whisper | Rendition of Vanille 28 - 30ML,1800,https://cdn.shopify.com/s/files/1/0550/3497/0249/files/sweetwhisper_b23b91d7-b439-4a00-89ec-a76fbde3b0f1.png?v=1727635683,Perfume
Blisse - 30ML,2000,https://cdn.shopify.com/s/files/1/0550/3497/0249/products/BLISSE.png?v=1657701260,Perfume
Apple Brandy on the Rocks - 30ML,2600,https://cdn.shopify.com/s/files/1/0550/3497/0249/files/apple_brandy.png?v=1725099181,Perfume
Turath - 30ML,2600,https://cdn.shopify.com/s/files/1/0550/3497/0249/files/turath.png?v=1683897332,Perfume
Rabi | Rendition of Bahar - 30ML,2800,https://cdn.shopify.com/s/files/1/0550/3497/0249/files/rabi_fade3ae6-32ef-4982-8475-ffcf0575eb11.png?v=1727626283,Perfume
Rabi | Rendition of Bahar - 50ML,4200,https://cdn.shopify.com/s/files/1/0550/3497/0249/files/rabi_62d1b5e9-f584-4aaf-b3c4-af007228b89d.png?v=1723400592,Perfume
Rabi | Rendition of Bahar - 100ML,7500,https://cdn.shopify.com/s/files/1/0550/3497/0249/files/rabi-1_43e2a3e3-195b-4d7c-8e70-7d1cf7d505aa.png?v=1723400603,Perfume
Grey Vetiver - 30ML,2200,https://cdn.shopify.com/s/files/1/0550/3497/0249/products/greyvetiver_6c399040-b4de-48c4-a4bd-eb1a5d9f0be9.png?v=1671448167,Perfume
Out Swim | Rendition of Afternoon Swim - 30ML,2600,https://cdn.shopify.com/s/files/1/0550/3497/0249/files/outswim.png?v=1682760460,Perfume
Out Swim | Rendition of Afternoon Swim - 50ML,3600,https://cdn.shopify.com/s/files/1/0550/3497/0249/files/outswim-2.png?v=1690028962,Perfume
Nova | Rendition of Ganymede Elixir - 30ML,3000,https://cdn.shopify.com/s/files/1/0550/3497/0249/files/nova_7a9537e4-1593-4724-9357-8729feafbf2c.png?v=1727625235,Perfume
Nova | Rendition of Ganymede Elixir - 50ML,4500,https://cdn.shopify.com/s/files/1/0550/3497/0249/files/nova_f5b0d596-742f-45e7-8cee-5754f5367ec7.png?v=1723055369,Perfume
Sauvage Elixir - 30ML,2000,https://cdn.shopify.com/s/files/1/0550/3497/0249/files/sauvageelixir.png?v=1682758897,Perfume
Amyris Homme - 30ML,2600,https://cdn.shopify.com/s/files/1/0550/3497/0249/files/amyris.png?v=1727625547,Perfume
Amyris Homme - 50ML,4000,https://cdn.shopify.com/s/files/1/0550/3497/0249/files/amyris.png?v=1727625547,Perfume
Creed Green Irish Tweed - 30ML,2600,https://cdn.shopify.com/s/files/1/0550/3497/0249/files/greenirish.png?v=1683896991,Perfume
Creed Green Irish Tweed - 50ML,3600,https://cdn.shopify.com/s/files/1/0550/3497/0249/files/greenirish-2.png?v=1690029659,Perfume
Fleur De Vanille - 50ML,4000,https://cdn.shopify.com/s/files/1/0550/3497/0249/files/fdv-2.png?v=1690028455,Perfume
Fleur De Vanille - 30ML,2400,https://cdn.shopify.com/s/files/1/0550/3497/0249/files/DSC6929.jpg?v=1690028455,Perfume
Fleur De Vanille - 100ML,6800,https://cdn.shopify.com/s/files/1/0550/3497/0249/files/fdv.png?v=1690028455,Perfume
Waft 4.0 - 30ML,3000,https://cdn.shopify.com/s/files/1/0550/3497/0249/files/waft4.png?v=1727626466,Perfume
Waft 4.0 - 50ML,4500,https://cdn.shopify.com/s/files/1/0550/3497/0249/files/waft4.png?v=1727626466,Perfume
Waft 3.0 - 30ML,2200,https://cdn.shopify.com/s/files/1/0550/3497/0249/files/waft3.0.png?v=1683896760,Perfume
Waft 3.0 - 50ML,3200,https://cdn.shopify.com/s/files/1/0550/3497/0249/files/waft3.0.png?v=1683896760,Perfume
Clive Christian 1872 - 30ML,2000,https://cdn.shopify.com/s/files/1/0550/3497/0249/files/1872.png?v=1682759870,Perfume
La Bureau - 30ML,2200,https://cdn.shopify.com/s/files/1/0550/3497/0249/files/labureau.png?v=1687014400,Perfume
Waft 2.0 - 30ML,2200,https://cdn.shopify.com/s/files/1/0550/3497/0249/products/waft2_5479c6db-049e-46b2-9f17-d89ba5ce017a.png?v=1668175084,Perfume
Waft 2.0 - 50ML,3300,https://cdn.shopify.com/s/files/1/0550/3497/0249/products/waft2_5479c6db-049e-46b2-9f17-d89ba5ce017a.png?v=1668175084,Perfume
Waft | Hybrid of Hacivat & Ani - 30ML,2600,https://cdn.shopify.com/s/files/1/0550/3497/0249/files/waft_bf3df2df-3dc2-4759-b5b5-c76a289d7948.png?v=1727626427,Perfume
Waft | Hybrid of Hacivat & Ani - 50ML,4000,https://cdn.shopify.com/s/files/1/0550/3497/0249/files/waft_9e8649d1-7240-4835-90f0-04d48d0589ad.png?v=1698998693,Perfume
Eve's Garden | Rendition of Gucci Flora - 30ML,1800,https://cdn.shopify.com/s/files/1/0550/3497/0249/files/evesgarden.png?v=1727635123,Perfume
Eve's Garden | Rendition of Gucci Flora - 50ML,2700,https://cdn.shopify.com/s/files/1/0550/3497/0249/files/eve_sgarden.png?v=1727627248,Perfume
Bvlgari Tygar - 30ML,2500,https://cdn.shopify.com/s/files/1/0550/3497/0249/files/tygar.png?v=1682759231,Perfume
Ottoman Myve | Rendition of Hacivat - 30ML,3000,https://cdn.shopify.com/s/files/1/0550/3497/0249/files/ottomanmyve_273224f8-c345-41ee-93c7-9594a869b343.png?v=1723390355,Perfume
Glory | Rendition of Santal 33 - 30ML,2800,https://cdn.shopify.com/s/files/1/0550/3497/0249/files/glory_9411a49f-24dc-4815-adf4-9a32649ae74a.png?v=1698998768,Perfume
Baccarat Rouge 540 Extrait - 30ml,3500,https://cdn.shopify.com/s/files/1/0550/3497/0249/files/br540-extrait_37cce510-ff7c-4258-af2f-ceca5b337164.png?v=1727627540,Perfume
Baccarat Rouge 540 Extrait - 50ml,4500,https://cdn.shopify.com/s/files/1/0550/3497/0249/files/br540-extrait.png?v=1697132231,Perfume
Tom Ford Tuscan Leather - 30ml,2600,https://cdn.shopify.com/s/files/1/0550/3497/0249/files/tuscan.png?v=1727626360,Perfume
Tom Ford Tuscan Leather - 50ml,4200,https://cdn.shopify.com/s/files/1/0550/3497/0249/files/tuscanleather.png?v=1684303143,Perfume
Calisto | Rendition of Moon - 30ML,3500,https://cdn.shopify.com/s/files/1/0550/3497/0249/files/calisto_b067ee84-a370-44bb-83bf-7794a777cd75.png?v=1727625578,Perfume
Calisto | Rendition of Moon - 50ML,5500,https://cdn.shopify.com/s/files/1/0550/3497/0249/files/calisto_b067ee84-a370-44bb-83bf-7794a777cd75.png?v=1727625578,Perfume
Portrayal | Rendition of Portrait of a Lady - 30ML,2800,https://cdn.shopify.com/s/files/1/0550/3497/0249/files/portrayal.png?v=1684303207,Perfume
Portrayal | Rendition of Portrait of a Lady - 50ML,3700,https://cdn.shopify.com/s/files/1/0550/3497/0249/files/portrayal-2.png?v=1690030293,Perfume
Al-Waad | Rendition of Promise - 30ML,2600,https://cdn.shopify.com/s/files/1/0550/3497/0249/files/al-waad.png?v=1684303572,Perfume
Al-Waad | Rendition of Promise - 50ML,4200,https://cdn.shopify.com/s/files/1/0550/3497/0249/files/al-waad-2_7861b31e-94d4-4bd2-a397-9c2aac4f5579.png?v=1689414331,Perfume
Fantasy | Rendition of California Dreams - 30ML,2200,https://cdn.shopify.com/s/files/1/0550/3497/0249/files/fantasy.png?v=1683817432,Perfume
Les Sables Roses - 30ML,3000,https://cdn.shopify.com/s/files/1/0550/3497/0249/files/lessablesroses.png?v=1682759919,Perfume
Orage By Louis Vuitton - 30ML,2600,https://cdn.shopify.com/s/files/1/0550/3497/0249/files/orage.png?v=1683897134,Perfume
Ombre Nomade - 30ML,2800,https://cdn.shopify.com/s/files/1/0550/3497/0249/files/ombrenomade.png?v=1682759907,Perfume
Omed | Rendition of Smokey Aventus - 30ML,2600,https://cdn.shopify.com/s/files/1/0550/3497/0249/files/smokey-aventus.png?v=1727626314,Perfume
Omed | Rendition of Smokey Aventus - 50ML,4000,https://cdn.shopify.com/s/files/1/0550/3497/0249/files/smokey_aventus_1f6f1cd6-4493-4cdb-9273-09302939eaaa.png?v=1723055385,Perfume
Omed | Rendition of Smokey Aventus - 100ML,5500,https://cdn.shopify.com/s/files/1/0550/3497/0249/files/aventus-2_b77690f0-5984-468f-bdde-e329dbc16ffa.png?v=1726577901,Perfume
Twilight | Rendition of Victoria Secret's Bombshell - 30ML,1500,https://cdn.shopify.com/s/files/1/0550/3497/0249/files/twilight_ea27fd9f-58c0-49fc-91c4-7ad1a51b9872.png?v=1727635669,Perfume